{
  "budget": 100,
  "teamsPerSeed": 4,
  "basePointsByRound": {
    "R64": 12,
    "R32": 36,
    "S16": 84,
    "E8": 180,
    "F4": 300,
    "CHIP": 360
  },
  "costBySeed": {
    "1": 22,
    "2": 19,
    "3": 14,
    "4": 12,
    "5": 10,
    "6": 8,
    "7": 7,
    "8": 6,
    "9": 6,
    "10": 5,
    "11": 4,
    "12": 4,
    "13": 3,
    "14": 3,
    "15": 2,
    "16": 1
  },
  "upsetBonusPerSeedDiff": 4,
  "seedMultiplierStep": 0.035,
  "historicBonusBySeed": {
    "14": 24,
    "15": 40,
    "16": 56
  },
  "r64OpponentBySeed": {
    "1": 16,
    "2": 15,
    "3": 14,
    "4": 13,
    "5": 12,
    "6": 11,
    "7": 10,
    "8": 9,
    "9": 8,
    "10": 7,
    "11": 6,
    "12": 5,
    "13": 4,
    "14": 3,
    "15": 2,
    "16": 1
  },
  "historicalWinProbBySeed": {
    "1": { "R64": 0.993, "R32": 0.857, "S16": 0.538, "E8": 0.402, "F4": 0.243, "CHIP": 0.156 },
    "2": { "R64": 0.943, "R32": 0.636, "S16": 0.373, "E8": 0.204, "F4": 0.106, "CHIP": 0.063 },
    "3": { "R64": 0.854, "R32": 0.53, "S16": 0.291, "E8": 0.124, "F4": 0.056, "CHIP": 0.031 },
    "4": { "R64": 0.79, "R32": 0.4, "S16": 0.2, "E8": 0.088, "F4": 0.04, "CHIP": 0.018 },
    "5": { "R64": 0.644, "R32": 0.356, "S16": 0.168, "E8": 0.068, "F4": 0.028, "CHIP": 0.011 },
    "6": { "R64": 0.613, "R32": 0.264, "S16": 0.117, "E8": 0.043, "F4": 0.016, "CHIP": 0.005 },
    "7": { "R64": 0.6, "R32": 0.226, "S16": 0.08, "E8": 0.026, "F4": 0.008, "CHIP": 0.002 },
    "8": { "R64": 0.494, "R32": 0.145, "S16": 0.042, "E8": 0.011, "F4": 0.003, "CHIP": 0.001 },
    "9": { "R64": 0.506, "R32": 0.108, "S16": 0.028, "E8": 0.009, "F4": 0.002, "CHIP": 0.0005 },
    "10": { "R64": 0.4, "R32": 0.135, "S16": 0.039, "E8": 0.01, "F4": 0.002, "CHIP": 0.0006 },
    "11": { "R64": 0.387, "R32": 0.154, "S16": 0.061, "E8": 0.023, "F4": 0.008, "CHIP": 0.0025 },
    "12": { "R64": 0.356, "R32": 0.104, "S16": 0.033, "E8": 0.01, "F4": 0.002, "CHIP": 0.0007 },
    "13": { "R64": 0.21, "R32": 0.057, "S16": 0.018, "E8": 0.004, "F4": 0.001, "CHIP": 0.0002 },
    "14": { "R64": 0.15, "R32": 0.04, "S16": 0.011, "E8": 0.002, "F4": 0.0003, "CHIP": 0.0001 },
    "15": { "R64": 0.057, "R32": 0.015, "S16": 0.004, "E8": 0.0005, "F4": 0.0001, "CHIP": 0 },
    "16": { "R64": 0.006, "R32": 0.001, "S16": 0.0002, "E8": 0.00005, "F4": 0.00001, "CHIP": 0 }
  }
}
